{"actions":[],"apps":[{"acl":{"app":[],"field":[],"record":[]},"app":null,"category":{"categories":[],"useCategory":"false"},"form":{"layout":"[{\"id\":null,\"type\":\"ROW\",\"isSubTable\":false,\"var\":null,\"controlList\":[{\"isVirtical\":true,\"styleMap\":{\"width\":386,\"height\":64},\"innerComponentSize\":{\"width\":371,\"height\":28},\"type\":\"SINGLE_LINE_TEXT\",\"var\":\"文字列__1行_\",\"label\":\"会社名\"},{\"isVirtical\":true,\"styleMap\":{\"width\":142,\"height\":59},\"innerComponentSize\":{\"width\":121,\"height\":23},\"type\":\"SINGLE_SELECT\",\"var\":\"ドロップダウン\",\"label\":\"顧客ランク\"},{\"isVirtical\":true,\"styleMap\":{\"width\":207,\"height\":68},\"innerComponentSize\":{\"width\":192,\"height\":32},\"type\":\"FILE\",\"var\":\"添付ファイル\",\"label\":\"会社ロゴ\"}]},{\"id\":null,\"type\":\"ROW\",\"isSubTable\":false,\"var\":null,\"controlList\":[{\"isVirtical\":true,\"styleMap\":{\"width\":193,\"height\":64},\"innerComponentSize\":{\"width\":178,\"height\":28},\"type\":\"SINGLE_LINE_TEXT\",\"var\":\"文字列__1行__0\",\"label\":\"部署名\"},{\"isVirtical\":true,\"styleMap\":{\"width\":193,\"height\":64},\"innerComponentSize\":{\"width\":178,\"height\":28},\"type\":\"SINGLE_LINE_TEXT\",\"var\":\"文字列__1行__1\",\"label\":\"担当者名\"}]},{\"id\":null,\"type\":\"ROW\",\"isSubTable\":false,\"var\":null,\"controlList\":[{\"isVirtical\":true,\"styleMap\":{\"width\":193,\"height\":64},\"innerComponentSize\":{\"width\":178,\"height\":28},\"type\":\"SINGLE_LINE_TEXT\",\"var\":\"文字列__1行__2\",\"label\":\"郵便番号\"},{\"isVirtical\":true,\"styleMap\":{\"width\":386,\"height\":64},\"innerComponentSize\":{\"width\":371,\"height\":28},\"type\":\"SINGLE_LINE_TEXT\",\"var\":\"文字列__1行__3\",\"label\":\"住所\"}]},{\"id\":null,\"type\":\"ROW\",\"isSubTable\":false,\"var\":null,\"controlList\":[{\"isVirtical\":true,\"styleMap\":{\"width\":193,\"height\":64},\"innerComponentSize\":{\"width\":178,\"height\":28},\"type\":\"LINK\",\"var\":\"リンク\",\"label\":\"TEL\"},{\"isVirtical\":true,\"styleMap\":{\"width\":193,\"height\":64},\"innerComponentSize\":{\"width\":178,\"height\":28},\"type\":\"LINK\",\"var\":\"リンク_0\",\"label\":\"FAX\"},{\"isVirtical\":true,\"styleMap\":{\"width\":193,\"height\":64},\"innerComponentSize\":{\"width\":178,\"height\":28},\"type\":\"LINK\",\"var\":\"リンク_1\",\"label\":\"メールアドレス\"}]},{\"id\":null,\"type\":\"ROW\",\"isSubTable\":false,\"var\":null,\"controlList\":[{\"isVirtical\":true,\"styleMap\":{\"width\":386,\"height\":125},\"innerComponentSize\":{\"width\":371,\"height\":84},\"type\":\"MULTIPLE_LINE_TEXT\",\"var\":\"文字列__複数行_\",\"label\":\"備考\"}]},{\"id\":null,\"type\":\"ROW\",\"isSubTable\":false,\"var\":null,\"controlList\":[{\"isVirtical\":true,\"styleMap\":{\"width\":590,\"height\":65},\"innerComponentSize\":{\"width\":575,\"height\":29},\"type\":\"REFERENCE_TABLE\",\"var\":\"関連レコード一覧\",\"label\":\"案件一覧\"}]}]","revision":null},"iconMeta":null,"info":{"code":null,"decimalPrecision":"16","decimalScale":"4","description":"\u003Cdiv\u003E\u003Cbr /\u003E\u003C/div\u003E\u003Cdiv\u003EIt is an application that registers your information such as company name, person in charge, name of contact, etc.\u003C/div\u003E\u003Cdiv\u003EIn addition, since you can display the record list of the &quot;matter information&quot; application that matches the company name of this application, you can confirm the customer information of a customer and the case collectively on one screen.\u003C/div\u003E","enableBulkDeletion":"false","fiscalYearStartMonth":"4","iconKey":"APP20","iconType":"PRESET","jsFiles":null,"jsScope":"ALL","name":"顧客情報","roundingMode":"HALF_EVEN","theme":"PLAIN","titleComponentLocalId":null,"useComment":"true","useHistory":"true","useThumbnail":"true"},"jsFiles":[],"notification":{"appNotifications":[{"events":["RECORD_COMMENT_ADDED"],"target":{"entityId":"2009","entityType":"FIELD_ENTITY","includeSubs":"false"}},{"events":["RECORD_COMMENT_ADDED"],"target":{"entityId":"2010","entityType":"FIELD_ENTITY","includeSubs":"false"}}],"recordNotifications":[],"reminderTimezone":null,"reminders":[],"useComment":"true","useReminder":"false"},"plugin":{"pluginIds":[]},"reports":[],"resource":{"tables":[{"rows":[{"fields":[],"objectId":"0","subObjectId":"-1"}],"type":"AppName"},{"rows":[{"fields":[],"objectId":"0","subObjectId":"-1"}],"type":"AppDescription"},{"rows":[{"fields":[],"objectId":"2008","subObjectId":"-1"},{"fields":[],"objectId":"2009","subObjectId":"-1"},{"fields":[],"objectId":"2010","subObjectId":"-1"},{"fields":[],"objectId":"2011","subObjectId":"-1"},{"fields":[],"objectId":"2012","subObjectId":"-1"},{"fields":[],"objectId":"2013","subObjectId":"-1"},{"fields":[],"objectId":"2014","subObjectId":"-1"},{"fields":[],"objectId":"2015","subObjectId":"-1"},{"fields":[],"objectId":"2019","subObjectId":"-1"},{"fields":[],"objectId":"2020","subObjectId":"-1"},{"fields":[],"objectId":"2020","subObjectId":"2016"},{"fields":[],"objectId":"2020","subObjectId":"2017"},{"fields":[],"objectId":"2020","subObjectId":"2018"},{"fields":[],"objectId":"2021","subObjectId":"-1"},{"fields":[],"objectId":"2022","subObjectId":"-1"},{"fields":[],"objectId":"2023","subObjectId":"-1"},{"fields":[],"objectId":"2024","subObjectId":"-1"},{"fields":[],"objectId":"2025","subObjectId":"-1"},{"fields":[],"objectId":"2026","subObjectId":"-1"},{"fields":[],"objectId":"2027","subObjectId":"-1"},{"fields":[],"objectId":"2028","subObjectId":"-1"},{"fields":[],"objectId":"2029","subObjectId":"-1"},{"fields":[],"objectId":"2060","subObjectId":"-1"}],"type":"FieldLabel"},{"rows":[{"fields":[],"objectId":"2031","subObjectId":"-1"},{"fields":[],"objectId":"20","subObjectId":"-1"}],"type":"ViewName"}]},"schema":{"groups":[],"revision":null,"subTable":{},"table":{"fieldList":{"2008":{"id":"2008","label":"レコード番号","properties":{"noLabel":"false","required":"true"},"type":"RECORD_ID","var":"レコード番号"},"2009":{"id":"2009","label":"更新者","properties":{"noLabel":"false","required":"true"},"type":"MODIFIER","var":"更新者"},"2010":{"id":"2010","label":"作成者","properties":{"noLabel":"false","required":"true"},"type":"CREATOR","var":"作成者"},"2011":{"id":"2011","label":"更新日時","properties":{"noLabel":"false","required":"true"},"type":"MODIFIED_AT","var":"更新日時"},"2012":{"id":"2012","label":"作成日時","properties":{"noLabel":"false","required":"true"},"type":"CREATED_AT","var":"作成日時"},"2013":{"id":"2013","label":"ステータス","properties":{"noLabel":"false","required":"false"},"type":"STATUS","var":"ステータス"},"2014":{"id":"2014","label":"作業者","properties":{"noLabel":"false","required":"false"},"type":"STATUS_ASSIGNEE","var":"作業者"},"2015":{"id":"2015","label":"カテゴリー","properties":{"noLabel":"false","required":"false"},"type":"CATEGORY","var":"カテゴリー"},"2019":{"id":"2019","label":"会社名","properties":{"defaultValue":"","expression":"","hideExpression":"false","max":null,"min":null,"noLabel":"false","required":"false","unique":"false"},"type":"SINGLE_LINE_TEXT","var":"文字列__1行_"},"2020":{"id":"2020","label":"顧客ランク","properties":{"defaultValue":null,"noLabel":"false","options":[{"id":"2016","label":"A","valid":true},{"id":"2017","label":"B","valid":true},{"id":"2018","label":"C","valid":true}],"required":"false"},"type":"SINGLE_SELECT","var":"ドロップダウン"},"2021":{"id":"2021","label":"会社ロゴ","properties":{"noLabel":"false","required":"false","thumbnailSize":"150"},"type":"FILE","var":"添付ファイル"},"2022":{"id":"2022","label":"部署名","properties":{"defaultValue":"","expression":"","hideExpression":"false","max":null,"min":null,"noLabel":"false","required":"false","unique":"false"},"type":"SINGLE_LINE_TEXT","var":"文字列__1行__0"},"2023":{"id":"2023","label":"担当者名","properties":{"defaultValue":"","expression":"","hideExpression":"false","max":null,"min":null,"noLabel":"false","required":"false","unique":"false"},"type":"SINGLE_LINE_TEXT","var":"文字列__1行__1"},"2024":{"id":"2024","label":"郵便番号","properties":{"defaultValue":"","expression":"","hideExpression":"false","max":null,"min":null,"noLabel":"false","required":"false","unique":"false"},"type":"SINGLE_LINE_TEXT","var":"文字列__1行__2"},"2025":{"id":"2025","label":"住所","properties":{"defaultValue":"","expression":"","hideExpression":"false","max":null,"min":null,"noLabel":"false","required":"false","unique":"false"},"type":"SINGLE_LINE_TEXT","var":"文字列__1行__3"},"2026":{"id":"2026","label":"TEL","properties":{"defaultValue":"","max":null,"min":null,"noLabel":"false","protocol":"CALL","required":"false","unique":"false"},"type":"LINK","var":"リンク"},"2027":{"id":"2027","label":"FAX","properties":{"defaultValue":"","max":null,"min":null,"noLabel":"false","protocol":"CALL","required":"false","unique":"false"},"type":"LINK","var":"リンク_0"},"2028":{"id":"2028","label":"メールアドレス","properties":{"defaultValue":"","max":null,"min":null,"noLabel":"false","protocol":"MAIL","required":"false","unique":"false"},"type":"LINK","var":"リンク_1"},"2029":{"id":"2029","label":"備考","properties":{"defaultValue":"","noLabel":"false","required":"false"},"type":"MULTIPLE_LINE_TEXT","var":"文字列__複数行_"},"2060":{"id":"2060","label":"案件一覧","properties":{"noLabel":"false","required":"false"},"type":"REFERENCE_TABLE","var":"関連レコード一覧"}},"id":"1","label":"__ROOT__","var":"__ROOT__"}},"status":{"actions":[],"filters":[],"initialStateId":null,"states":[],"useStatus":"false"},"uuid":"a5c201a7-9ff5-4658-8562-4770dc67780d","views":[{"advancedMode":"false","builtinType":null,"fields":[{"row":[{"id":"2019"},{"id":"2022"},{"id":"2023"},{"id":"2026"},{"id":"2028"},{"id":"2024"},{"id":"2025"}]}],"filter":{"category":null,"offset":null,"order":["DESC"],"q":null,"size":null,"sort":["f2012"]},"html":null,"keyFieldId":null,"name":"顧客一覧","pager":null,"revision":null,"titleFieldId":null,"view":"2031","viewType":"LIST"},{"advancedMode":null,"builtinType":"ALL","fields":[{"row":[{"id":"2008"},{"id":"2019"},{"id":"2020"},{"id":"2021"},{"id":"2022"},{"id":"2023"},{"id":"2024"},{"id":"2025"},{"id":"2026"},{"id":"2027"},{"id":"2028"},{"id":"2029"}]}],"filter":{"category":null,"offset":null,"order":[],"q":null,"size":null,"sort":[]},"html":null,"keyFieldId":null,"name":"（すべて）","pager":null,"revision":null,"titleFieldId":null,"view":"20","viewType":"LIST"}]},{"acl":{"app":[],"field":[],"record":[]},"app":null,"category":{"categories":[],"useCategory":"false"},"form":{"layout":"[{\"id\":null,\"type\":\"ROW\",\"isSubTable\":false,\"var\":null,\"controlList\":[{\"label\":\"\\u003Cfont color=\\\"#3d85c6\\\" size=\\\"4\\\"\\u003E\\u003Cb\\u003E顧客情報\\u003C/b\\u003E\\u003C/font\\u003E\",\"styleMap\":{\"width\":107,\"height\":41},\"innerComponentSize\":{\"width\":78,\"height\":33},\"type\":\"LABEL\",\"formatted\":\"\\u003Cfont color=\\\"#3d85c6\\\" size=\\\"4\\\"\\u003E\\u003Cb\\u003E顧客情報\\u003C/b\\u003E\\u003C/font\\u003E\"}]},{\"id\":null,\"type\":\"ROW\",\"isSubTable\":false,\"var\":null,\"controlList\":[{\"isVirtical\":true,\"styleMap\":{\"width\":350,\"height\":64},\"innerComponentSize\":{\"width\":335,\"height\":28},\"type\":\"SINGLE_LINE_TEXT\",\"var\":\"ルックアップ\",\"label\":\"顧客名\"},{\"isVirtical\":true,\"styleMap\":{\"width\":193,\"height\":64},\"innerComponentSize\":{\"width\":178,\"height\":28},\"type\":\"SINGLE_LINE_TEXT\",\"var\":\"文字列__1行_\",\"label\":\"部署名\"},{\"isVirtical\":true,\"styleMap\":{\"width\":193,\"height\":64},\"innerComponentSize\":{\"width\":178,\"height\":28},\"type\":\"SINGLE_LINE_TEXT\",\"var\":\"文字列__1行__0\",\"label\":\"ご担当者名\"}]},{\"id\":null,\"type\":\"ROW\",\"isSubTable\":false,\"var\":null,\"controlList\":[{\"label\":\"\\u003Cfont color=\\\"#3d85c6\\\" size=\\\"4\\\"\\u003E\\u003Cb\\u003E案件情報\\u003C/b\\u003E\\u003C/font\\u003E\",\"styleMap\":{\"width\":107,\"height\":41},\"innerComponentSize\":{\"width\":78,\"height\":33},\"type\":\"LABEL\",\"formatted\":\"\\u003Cfont color=\\\"#3d85c6\\\" size=\\\"4\\\"\\u003E\\u003Cb\\u003E案件情報\\u003C/b\\u003E\\u003C/font\\u003E\"}]},{\"id\":null,\"type\":\"ROW\",\"isSubTable\":false,\"var\":null,\"controlList\":[{\"isVirtical\":true,\"styleMap\":{\"width\":350,\"height\":64},\"innerComponentSize\":{\"width\":335,\"height\":28},\"type\":\"SINGLE_LINE_TEXT\",\"var\":\"文字列__1行__1\",\"label\":\"案件名\"}]},{\"id\":null,\"type\":\"ROW\",\"isSubTable\":false,\"var\":null,\"controlList\":[{\"isVirtical\":true,\"styleMap\":{\"width\":543,\"height\":125},\"innerComponentSize\":{\"width\":528,\"height\":84},\"type\":\"MULTIPLE_LINE_TEXT\",\"var\":\"文字列__複数行_\",\"label\":\"詳細\"}]},{\"id\":null,\"type\":\"ROW\",\"isSubTable\":false,\"var\":null,\"controlList\":[{\"isVirtical\":true,\"styleMap\":{\"width\":142,\"height\":59},\"innerComponentSize\":{\"width\":121,\"height\":23},\"type\":\"SINGLE_SELECT\",\"var\":\"ドロップダウン\",\"label\":\"受注確度\"},{\"isVirtical\":true,\"styleMap\":{\"width\":117,\"height\":60},\"innerComponentSize\":{\"width\":102,\"height\":24},\"type\":\"DATE\",\"var\":\"日付\",\"label\":\"受注予定日\"},{\"isVirtical\":true,\"styleMap\":{\"width\":145,\"height\":64},\"innerComponentSize\":{\"width\":130,\"height\":28},\"type\":\"DECIMAL\",\"var\":\"数値\",\"label\":\"受注金額\"},{\"isVirtical\":true,\"styleMap\":{\"width\":222,\"height\":72},\"innerComponentSize\":{\"width\":207,\"height\":36},\"type\":\"USER_SELECT\",\"var\":\"ユーザー選択\",\"label\":\"営業担当者\"}]},{\"id\":null,\"type\":\"ROW\",\"isSubTable\":false,\"var\":null,\"controlList\":[{\"label\":\"\\u003Cb\\u003E\\u003Cfont color=\\\"#3d85c6\\\" size=\\\"4\\\"\\u003E商談履歴\\u003C/font\\u003E\\u003C/b\\u003E\",\"styleMap\":{\"width\":107,\"height\":41},\"innerComponentSize\":{\"width\":78,\"height\":33},\"type\":\"LABEL\",\"formatted\":\"\\u003Cb\\u003E\\u003Cfont color=\\\"#3d85c6\\\" size=\\\"4\\\"\\u003E商談履歴\\u003C/font\\u003E\\u003C/b\\u003E\"}]},{\"id\":\"2056\",\"type\":\"SUBTABLE\",\"isSubTable\":true,\"var\":\"商談履歴\",\"controlList\":[{\"isVirtical\":true,\"styleMap\":{\"width\":112,\"height\":59},\"innerComponentSize\":{\"width\":102,\"height\":24},\"type\":\"DATE\",\"var\":\"日付_0\",\"label\":\"商談日\"},{\"isVirtical\":true,\"styleMap\":{\"width\":315,\"height\":125},\"innerComponentSize\":{\"width\":314,\"height\":84},\"type\":\"MULTIPLE_LINE_TEXT\",\"var\":\"文字列__複数行__0\",\"label\":\"商談内容\"},{\"isVirtical\":true,\"styleMap\":{\"width\":207,\"height\":67},\"innerComponentSize\":{\"width\":206,\"height\":32},\"type\":\"FILE\",\"var\":\"添付ファイル\",\"label\":\"資料\"}]}]","revision":null},"iconMeta":null,"info":{"code":null,"decimalPrecision":"16","decimalScale":"4","description":"\u003Cdiv\u003EFor each case, it is an application that can record the history of negotiations as well as the accuracy and amount of orders received.\u003C/div\u003E\u003Cdiv\u003EFrom the &quot;customer information&quot; application, you can look up and associate the customer's company name and contact person name. You can also check the data of the related items from the &quot;customer information&quot; application.\u003C/div\u003E","enableBulkDeletion":"false","fiscalYearStartMonth":"4","iconKey":"APP3","iconType":"PRESET","jsFiles":null,"jsScope":"ALL","name":"案件情報","roundingMode":"HALF_EVEN","theme":"ITEM","titleComponentLocalId":null,"useComment":"true","useHistory":"true","useThumbnail":"true"},"jsFiles":[],"notification":{"appNotifications":[{"events":["RECORD_COMMENT_ADDED"],"target":{"entityId":"2033","entityType":"FIELD_ENTITY","includeSubs":"false"}},{"events":["RECORD_COMMENT_ADDED"],"target":{"entityId":"2034","entityType":"FIELD_ENTITY","includeSubs":"false"}}],"recordNotifications":[],"reminderTimezone":null,"reminders":[],"useComment":"true","useReminder":"false"},"plugin":{"pluginIds":[]},"reports":[{"advancedMode":"false","filter":{"category":null,"offset":null,"order":[],"q":"f2053 = THIS_MONTH()","size":null,"sort":[]},"isAborted":null,"name":"今月の見込み金額（確度別）","processType":null,"report":"2063","reportType":"SUBTOTAL","revision":null,"settings":"{\"groups\":[{\"id\":\"2052\",\"op\":null}],\"summaries\":[{\"op\":\"SUM\",\"id\":\"2054\"}],\"chartType\":\"column\",\"stackType\":\"clustered\",\"sort\":[\"s0\"],\"order\":[\"DESC\"]}","tallyPeriod":null,"tallyStartDateTime":null},{"advancedMode":"false","filter":{"category":null,"offset":null,"order":[],"q":"f2053 = THIS_MONTH()","size":null,"sort":[]},"isAborted":null,"name":"担当者別売り上げ実績（当月）","processType":null,"report":"2065","reportType":"SUBTOTAL","revision":null,"settings":"{\"groups\":[{\"id\":\"2055\",\"op\":null}],\"summaries\":[{\"op\":\"COUNT\",\"id\":null}],\"chartType\":\"bar\",\"stackType\":\"clustered\",\"sort\":[\"s0\"],\"order\":[\"DESC\"]}","tallyPeriod":null,"tallyStartDateTime":null}],"resource":{"tables":[{"rows":[{"fields":[],"objectId":"0","subObjectId":"-1"}],"type":"AppName"},{"rows":[{"fields":[],"objectId":"0","subObjectId":"-1"}],"type":"AppDescription"},{"rows":[{"fields":[],"objectId":"2032","subObjectId":"-1"},{"fields":[],"objectId":"2033","subObjectId":"-1"},{"fields":[],"objectId":"2034","subObjectId":"-1"},{"fields":[],"objectId":"2035","subObjectId":"-1"},{"fields":[],"objectId":"2036","subObjectId":"-1"},{"fields":[],"objectId":"2037","subObjectId":"-1"},{"fields":[],"objectId":"2038","subObjectId":"-1"},{"fields":[],"objectId":"2039","subObjectId":"-1"},{"fields":[],"objectId":"2040","subObjectId":"-1"},{"fields":[],"objectId":"2041","subObjectId":"-1"},{"fields":[],"objectId":"2042","subObjectId":"-1"},{"fields":[],"objectId":"2050","subObjectId":"-1"},{"fields":[],"objectId":"2051","subObjectId":"-1"},{"fields":[],"objectId":"2052","subObjectId":"-1"},{"fields":[],"objectId":"2052","subObjectId":"2043"},{"fields":[],"objectId":"2052","subObjectId":"2044"},{"fields":[],"objectId":"2052","subObjectId":"2045"},{"fields":[],"objectId":"2052","subObjectId":"2046"},{"fields":[],"objectId":"2053","subObjectId":"-1"},{"fields":[],"objectId":"2054","subObjectId":"-1"},{"fields":[],"objectId":"2055","subObjectId":"-1"},{"fields":[],"objectId":"2056","subObjectId":"-1"},{"fields":[],"objectId":"2047","subObjectId":"-1"},{"fields":[],"objectId":"2048","subObjectId":"-1"},{"fields":[],"objectId":"2049","subObjectId":"-1"}],"type":"FieldLabel"},{"rows":[{"fields":[],"objectId":"2059","subObjectId":"-1"},{"fields":[],"objectId":"20","subObjectId":"-1"}],"type":"ViewName"},{"rows":[{"fields":[],"objectId":"2063","subObjectId":"-1"},{"fields":[],"objectId":"2065","subObjectId":"-1"}],"type":"ReportName"}]},"schema":{"groups":[],"revision":null,"subTable":{"2056":{"fieldList":{"2047":{"id":"2047","label":"商談日","properties":{"defaultExpression":"NOW","defaultValue":null,"noLabel":"false","required":"false","unique":"false"},"type":"DATE","var":"日付_0"},"2048":{"id":"2048","label":"商談内容","properties":{"defaultValue":"","noLabel":"false","required":"false"},"type":"MULTIPLE_LINE_TEXT","var":"文字列__複数行__0"},"2049":{"id":"2049","label":"資料","properties":{"noLabel":"false","required":"false","thumbnailSize":"150"},"type":"FILE","var":"添付ファイル"}},"id":"2056","label":"商談履歴","var":"商談履歴"}},"table":{"fieldList":{"2032":{"id":"2032","label":"レコード番号","properties":{"noLabel":"false","required":"true"},"type":"RECORD_ID","var":"レコード番号"},"2033":{"id":"2033","label":"更新者","properties":{"noLabel":"false","required":"true"},"type":"MODIFIER","var":"更新者"},"2034":{"id":"2034","label":"作成者","properties":{"noLabel":"false","required":"true"},"type":"CREATOR","var":"作成者"},"2035":{"id":"2035","label":"更新日時","properties":{"noLabel":"false","required":"true"},"type":"MODIFIED_AT","var":"更新日時"},"2036":{"id":"2036","label":"作成日時","properties":{"noLabel":"false","required":"true"},"type":"CREATED_AT","var":"作成日時"},"2037":{"id":"2037","label":"ステータス","properties":{"noLabel":"false","required":"false"},"type":"STATUS","var":"ステータス"},"2038":{"id":"2038","label":"作業者","properties":{"noLabel":"false","required":"false"},"type":"STATUS_ASSIGNEE","var":"作業者"},"2039":{"id":"2039","label":"カテゴリー","properties":{"noLabel":"false","required":"false"},"type":"CATEGORY","var":"カテゴリー"},"2040":{"id":"2040","label":"顧客名","properties":{"defaultValue":"","expression":"","hideExpression":"false","max":null,"min":null,"noLabel":"false","required":"false","unique":"false"},"type":"SINGLE_LINE_TEXT","var":"ルックアップ"},"2041":{"id":"2041","label":"部署名","properties":{"defaultValue":"","expression":"","hideExpression":"false","max":null,"min":null,"noLabel":"false","required":"false","unique":"false"},"type":"SINGLE_LINE_TEXT","var":"文字列__1行_"},"2042":{"id":"2042","label":"ご担当者名","properties":{"defaultValue":"","expression":"","hideExpression":"false","max":null,"min":null,"noLabel":"false","required":"false","unique":"false"},"type":"SINGLE_LINE_TEXT","var":"文字列__1行__0"},"2050":{"id":"2050","label":"案件名","properties":{"defaultValue":"","expression":"","hideExpression":"false","max":null,"min":null,"noLabel":"false","required":"false","unique":"false"},"type":"SINGLE_LINE_TEXT","var":"文字列__1行__1"},"2051":{"id":"2051","label":"詳細","properties":{"defaultValue":"","noLabel":"false","required":"false"},"type":"MULTIPLE_LINE_TEXT","var":"文字列__複数行_"},"2052":{"id":"2052","label":"受注確度","properties":{"defaultValue":"2046","noLabel":"false","options":[{"id":"2043","label":"受注","valid":true},{"id":"2044","label":"内示","valid":true},{"id":"2045","label":"稟議","valid":true},{"id":"2046","label":"検討中","valid":true}],"required":"true"},"type":"SINGLE_SELECT","var":"ドロップダウン"},"2053":{"id":"2053","label":"受注予定日","properties":{"defaultExpression":null,"defaultValue":null,"noLabel":"false","required":"false","unique":"false"},"type":"DATE","var":"日付"},"2054":{"id":"2054","label":"受注金額","properties":{"defaultValue":"0","digit":"false","displayScale":null,"max":null,"min":null,"noLabel":"false","required":"false","roundingMode":null,"scale":null,"unique":"false","unit":"","unitPosition":"BEFORE"},"type":"DECIMAL","var":"数値"},"2055":{"id":"2055","label":"営業担当者","properties":{"defaultEntities":[],"defaultSelect":[],"entities":[],"noLabel":"false","required":"false","select":[]},"type":"USER_SELECT","var":"ユーザー選択"}},"id":"1","label":"__ROOT__","var":"__ROOT__"}},"status":{"actions":[],"filters":[],"initialStateId":null,"states":[],"useStatus":"false"},"uuid":"21bbd57b-1493-4337-9b99-184ee6f74891","views":[{"advancedMode":"false","builtinType":null,"fields":[{"row":[{"id":"2040"},{"id":"2050"},{"id":"2052"},{"id":"2053"},{"id":"2054"},{"id":"2055"}]}],"filter":{"category":null,"offset":null,"order":["DESC"],"q":null,"size":null,"sort":["f2036"]},"html":null,"keyFieldId":null,"name":"案件一覧","pager":null,"revision":null,"titleFieldId":null,"view":"2059","viewType":"LIST"},{"advancedMode":null,"builtinType":"ALL","fields":[{"row":[{"id":"2032"},{"id":"2040"},{"id":"2041"},{"id":"2042"},{"id":"2050"},{"id":"2051"},{"id":"2052"},{"id":"2053"},{"id":"2054"},{"id":"2055"}]}],"filter":{"category":null,"offset":null,"order":[],"q":null,"size":null,"sort":[]},"html":null,"keyFieldId":null,"name":"（すべて）","pager":null,"revision":null,"titleFieldId":null,"view":"20","viewType":"LIST"}]}],"description":"","iconKey":"APP20","iconMeta":null,"iconSrcAppId":"a5c201a7-9ff5-4658-8562-4770dc67780d","iconType":"PRESET","imagesMeta":[],"lookups":[{"actingAppId":"21bbd57b-1493-4337-9b99-184ee6f74891","fieldMappings":[{"fieldId":"2041","targetFieldId":"2022"},{"fieldId":"2042","targetFieldId":"2023"}],"keyMapping":{"fieldId":"2040","targetFieldId":"2019"},"listFields":["2022","2023"],"query":{"category":null,"offset":null,"order":[],"q":"","size":null,"sort":[]},"targetAppId":"a5c201a7-9ff5-4658-8562-4770dc67780d"}],"name":"Sales Force Automation Pack（CRM）","references":[{"actingAppId":"a5c201a7-9ff5-4658-8562-4770dc67780d","filterInputFieldId":"2019","filterMasterFieldId":"2040","masterFieldIds":["2050","2052","2053","2054","2055"],"query":{"category":null,"offset":null,"order":["desc"],"q":"order by f2032 desc","size":null,"sort":["f2032"]},"size":"5","targetAppId":"21bbd57b-1493-4337-9b99-184ee6f74891","vtComponentLocalId":"2060"}],"version":"18"}